{"schemaVersion":24,"addons":[{"id":"activity-stream@mozilla.org","syncGUID":"{58a06f07-d755-4f35-88bf-6435bb0c0ebf}","location":"app-system-defaults","version":"2018.04.20.1103-b3b95672","type":"extension","internalName":null,"updateURL":null,"updateKey":null,"optionsURL":null,"optionsType":null,"aboutURL":null,"defaultLocale":{"name":"Activity Stream","description":"A rich visual history feed and a reimagined home page make it easier than ever to find exactly what you're looking for in Firefox.","creator":null,"homepageURL":null},"visible":true,"active":true,"userDisabled":false,"appDisabled":false,"installDate":1542836298000,"updateDate":1542836298000,"applyBackgroundUpdates":1,"bootstrap":true,"path":"/home/amigh/Desktop/firefox-60.0.en-US.linux-x86_64/firefox/browser/features/activity-stream@mozilla.org.xpi","skinnable":false,"size":2536577,"sourceURI":null,"releaseNotesURI":null,"softDisabled":false,"foreignInstall":false,"strictCompatibility":false,"locales":[],"targetApplications":[{"id":"{ec8030f7-c20a-464f-9b0e-13a3a9e97384}","minVersion":"60.0","maxVersion":"60.*"}],"targetPlatforms":[],"multiprocessCompatible":true,"seen":true,"dependencies":[],"hasEmbeddedWebExtension":false,"mpcOptedOut":false,"userPermissions":null,"icons":{},"iconURL":null,"icon64URL":null,"blocklistState":0,"blocklistURL":null,"startupData":null},{"id":"aushelper@mozilla.org","syncGUID":"{2fae8383-c1a2-421d-af1d-d9bde595dabc}","location":"app-system-defaults","version":"2.0","type":"extension","internalName":null,"updateURL":null,"updateKey":null,"optionsURL":null,"optionsType":null,"aboutURL":null,"defaultLocale":{"name":"Application Update Service Helper","description":"Sets value(s) in the update url based on custom checks.","creator":null,"homepageURL":null},"visible":true,"active":true,"userDisabled":false,"appDisabled":false,"installDate":1542836298000,"updateDate":1542836298000,"applyBackgroundUpdates":1,"bootstrap":true,"path":"/home/amigh/Desktop/firefox-60.0.en-US.linux-x86_64/firefox/browser/features/aushelper@mozilla.org.xpi","skinnable":false,"size":8423,"sourceURI":null,"releaseNotesURI":null,"softDisabled":false,"foreignInstall":false,"strictCompatibility":false,"locales":[],"targetApplications":[{"id":"{ec8030f7-c20a-464f-9b0e-13a3a9e97384}","minVersion":"60.0","maxVersion":"60.*"}],"targetPlatforms":[],"multiprocessCompatible":true,"seen":true,"dependencies":[],"hasEmbeddedWebExtension":false,"mpcOptedOut":false,"userPermissions":null,"icons":{},"iconURL":null,"icon64URL":null,"blocklistState":0,"blocklistURL":null,"startupData":null},{"id":"firefox@getpocket.com","syncGUID":"{ffe94eb4-66c7-4902-9379-acf76a5640e9}","location":"app-system-defaults","version":"1.0.5","type":"extension","internalName":null,"updateURL":null,"updateKey":null,"optionsURL":null,"optionsType":null,"aboutURL":null,"defaultLocale":{"name":"Pocket","description":"When you find something you want to view later, put it in Pocket.","creator":null,"homepageURL":null},"visible":true,"active":true,"userDisabled":false,"appDisabled":false,"installDate":1542836298000,"updateDate":1542836298000,"applyBackgroundUpdates":1,"bootstrap":true,"path":"/home/amigh/Desktop/firefox-60.0.en-US.linux-x86_64/firefox/browser/features/firefox@getpocket.com.xpi","skinnable":false,"size":856015,"sourceURI":null,"releaseNotesURI":null,"softDisabled":false,"foreignInstall":false,"strictCompatibility":false,"locales":[],"targetApplications":[{"id":"{ec8030f7-c20a-464f-9b0e-13a3a9e97384}","minVersion":"60.0","maxVersion":"60.*"}],"targetPlatforms":[],"multiprocessCompatible":true,"seen":true,"dependencies":[],"hasEmbeddedWebExtension":false,"mpcOptedOut":false,"userPermissions":null,"icons":{},"iconURL":null,"icon64URL":null,"blocklistState":0,"blocklistURL":null,"startupData":null},{"id":"followonsearch@mozilla.com","syncGUID":"{72c28ffb-9a2f-4d6a-b489-7be3b552ef66}","location":"app-system-defaults","version":"0.9.6","type":"extension","internalName":null,"updateURL":null,"updateKey":null,"optionsURL":null,"optionsType":null,"aboutURL":null,"defaultLocale":{"name":"Follow-on Search Telemetry","description":null,"creator":null,"homepageURL":null},"visible":true,"active":true,"userDisabled":false,"appDisabled":false,"installDate":1542836298000,"updateDate":1542836298000,"applyBackgroundUpdates":1,"bootstrap":true,"path":"/home/amigh/Desktop/firefox-60.0.en-US.linux-x86_64/firefox/browser/features/followonsearch@mozilla.com.xpi","skinnable":false,"size":18539,"sourceURI":null,"releaseNotesURI":null,"softDisabled":false,"foreignInstall":false,"strictCompatibility":false,"locales":[],"targetApplications":[{"id":"{ec8030f7-c20a-464f-9b0e-13a3a9e97384}","minVersion":"52.0","maxVersion":"66.*"}],"targetPlatforms":[],"multiprocessCompatible":true,"seen":true,"dependencies":[],"hasEmbeddedWebExtension":false,"mpcOptedOut":false,"userPermissions":null,"icons":{},"iconURL":null,"icon64URL":null,"blocklistState":0,"blocklistURL":null,"startupData":null},{"id":"formautofill@mozilla.org","syncGUID":"{b14f5ac5-2b89-45d3-8e7b-fc8e22821bbf}","location":"app-system-defaults","version":"1.0","type":"extension","internalName":null,"updateURL":null,"updateKey":null,"optionsURL":null,"optionsType":null,"aboutURL":null,"defaultLocale":{"name":"Form Autofill","description":"Autofill forms with saved profiles","creator":null,"homepageURL":null},"visible":true,"active":true,"userDisabled":false,"appDisabled":false,"installDate":1542836298000,"updateDate":1542836298000,"applyBackgroundUpdates":1,"bootstrap":true,"path":"/home/amigh/Desktop/firefox-60.0.en-US.linux-x86_64/firefox/browser/features/formautofill@mozilla.org.xpi","skinnable":false,"size":457532,"sourceURI":null,"releaseNotesURI":null,"softDisabled":false,"foreignInstall":false,"strictCompatibility":false,"locales":[],"targetApplications":[{"id":"{ec8030f7-c20a-464f-9b0e-13a3a9e97384}","minVersion":"60.0","maxVersion":"60.*"}],"targetPlatforms":[],"multiprocessCompatible":true,"seen":true,"dependencies":[],"hasEmbeddedWebExtension":false,"mpcOptedOut":false,"userPermissions":null,"icons":{},"iconURL":null,"icon64URL":null,"blocklistState":0,"blocklistURL":null,"startupData":null},{"id":"onboarding@mozilla.org","syncGUID":"{2917e68e-bbf1-4d17-b3c4-4560e855f1d2}","location":"app-system-defaults","version":"1.0","type":"extension","internalName":null,"updateURL":null,"updateKey":null,"optionsURL":null,"optionsType":null,"aboutURL":null,"defaultLocale":{"name":"Photon onboarding","description":"Photon onboarding","creator":null,"homepageURL":null},"visible":true,"active":true,"userDisabled":false,"appDisabled":false,"installDate":1542836298000,"updateDate":1542836298000,"applyBackgroundUpdates":1,"bootstrap":true,"path":"/home/amigh/Desktop/firefox-60.0.en-US.linux-x86_64/firefox/browser/features/onboarding@mozilla.org.xpi","skinnable":false,"size":562338,"sourceURI":null,"releaseNotesURI":null,"softDisabled":false,"foreignInstall":false,"strictCompatibility":false,"locales":[],"targetApplications":[{"id":"{ec8030f7-c20a-464f-9b0e-13a3a9e97384}","minVersion":"60.0","maxVersion":"60.*"}],"targetPlatforms":[],"multiprocessCompatible":true,"seen":true,"dependencies":[],"hasEmbeddedWebExtension":false,"mpcOptedOut":false,"userPermissions":null,"icons":{},"iconURL":null,"icon64URL":null,"blocklistState":0,"blocklistURL":null,"startupData":null},{"id":"screenshots@mozilla.org","syncGUID":"{6b2ed383-9fd9-4c02-83a0-455e88b25de7}","location":"app-system-defaults","version":"30.1.0","type":"extension","internalName":null,"updateURL":null,"updateKey":null,"optionsURL":null,"optionsType":null,"aboutURL":null,"defaultLocale":{"name":"Firefox Screenshots","description":null,"creator":null,"homepageURL":"https://screenshots.firefox.com/"},"visible":true,"active":true,"userDisabled":false,"appDisabled":false,"installDate":1542836298000,"updateDate":1542836298000,"applyBackgroundUpdates":1,"bootstrap":true,"path":"/home/amigh/Desktop/firefox-60.0.en-US.linux-x86_64/firefox/browser/features/screenshots@mozilla.org.xpi","skinnable":false,"size":1043087,"sourceURI":null,"releaseNotesURI":null,"softDisabled":false,"foreignInstall":false,"strictCompatibility":false,"locales":[],"targetApplications":[{"id":"{ec8030f7-c20a-464f-9b0e-13a3a9e97384}","minVersion":"57.0a1","maxVersion":"*"}],"targetPlatforms":[],"multiprocessCompatible":true,"seen":true,"dependencies":[],"hasEmbeddedWebExtension":false,"mpcOptedOut":false,"userPermissions":null,"icons":{},"iconURL":null,"icon64URL":null,"blocklistState":0,"blocklistURL":null,"startupData":null},{"id":"webcompat@mozilla.org","syncGUID":"{3d7ee15c-4701-49e6-845e-7a12b6ad3e50}","location":"app-system-defaults","version":"1.1","type":"extension","internalName":null,"updateURL":null,"updateKey":null,"optionsURL":null,"optionsType":null,"aboutURL":null,"defaultLocale":{"name":"Web Compat","description":"Urgent post-release fixes for web compatibility.","creator":null,"homepageURL":null},"visible":true,"active":true,"userDisabled":false,"appDisabled":false,"installDate":1542836298000,"updateDate":1542836298000,"applyBackgroundUpdates":1,"bootstrap":true,"path":"/home/amigh/Desktop/firefox-60.0.en-US.linux-x86_64/firefox/browser/features/webcompat@mozilla.org.xpi","skinnable":false,"size":9135,"sourceURI":null,"releaseNotesURI":null,"softDisabled":false,"foreignInstall":false,"strictCompatibility":false,"locales":[],"targetApplications":[{"id":"{ec8030f7-c20a-464f-9b0e-13a3a9e97384}","minVersion":"60.0","maxVersion":"60.*"}],"targetPlatforms":[],"multiprocessCompatible":true,"seen":true,"dependencies":[],"hasEmbeddedWebExtension":false,"mpcOptedOut":false,"userPermissions":null,"icons":{},"iconURL":null,"icon64URL":null,"blocklistState":0,"blocklistURL":null,"startupData":null},{"id":"{972ce4c6-7e08-4474-a285-3208198ce6fd}","syncGUID":"{b24d0748-013d-4fc2-9fb2-b4013bb9e478}","location":"app-global","version":"60.0","type":"theme","internalName":"classic/1.0","updateURL":null,"updateKey":null,"optionsURL":null,"optionsType":null,"optionsBrowserStyle":null,"aboutURL":null,"defaultLocale":{"name":"Default","description":"The default theme.","creator":"Mozilla","homepageURL":null,"contributors":["Mozilla Contributors"]},"visible":true,"active":true,"userDisabled":false,"appDisabled":false,"installDate":1542836298000,"updateDate":1542836298000,"applyBackgroundUpdates":1,"path":"/home/amigh/Desktop/firefox-60.0.en-US.linux-x86_64/firefox/browser/extensions/{972ce4c6-7e08-4474-a285-3208198ce6fd}.xpi","skinnable":true,"size":1901,"sourceURI":null,"releaseNotesURI":null,"softDisabled":false,"foreignInstall":false,"strictCompatibility":true,"locales":[],"targetApplications":[{"id":"{ec8030f7-c20a-464f-9b0e-13a3a9e97384}","minVersion":"60.0","maxVersion":"60.0"}],"targetPlatforms":[],"seen":true,"dependencies":[],"hasEmbeddedWebExtension":false,"userPermissions":null,"icons":{},"iconURL":"chrome://browser/content/default-theme-icon.svg","icon64URL":null,"blocklistState":0,"blocklistURL":null,"startupData":null}]}