{"chrome://browser/content/browser.xul":{"sidebar-box":{"sidebarcommand":"viewBookmarksSidebar","checked":"true"},"main-window":{"screenX":"4","screenY":"4","width":"1280","height":"1040","sizemode":"normal"},"sidebar-title":{"value":"Bookmarks"}},"chrome://pippki/content/certManager.xul":{"certcol":{"ordinal":"1"},"tokencol":{"ordinal":"3"},"sitecol":{"ordinal":"3"},"lifetimecol":{"ordinal":"5"},"expiredcol":{"ordinal":"7"},"serialnumcol":{"ordinal":"5"},"issuedcol":{"ordinal":"7"},"certmanagertabs":{"selectedIndex":"3"}}}